{
  "logistic_regression": {
    "accuracy": 0.9658836689038032,
    "precision": 0.6024096385542169,
    "recall": 0.8670520231213873,
    "f1": 0.7109004739336493,
    "roc_auc": 0.9885463183624106
  },
  "random_forest": {
    "accuracy": 0.9835011185682326,
    "precision": 0.9830508474576272,
    "recall": 0.6705202312138728,
    "f1": 0.7972508591065293,
    "roc_auc": 0.991414409930714
  },
  "xgboost": {
    "accuracy": 0.9835011185682326,
    "precision": 0.9318181818181818,
    "recall": 0.7109826589595376,
    "f1": 0.8065573770491803,
    "roc_auc": 0.9892325540707876
  }
}